<?xml version="1.0" encoding="UTF-8"?>
<project-private xmlns="http://www.netbeans.org/ns/project-private/1">
    <editor-bookmarks xmlns="http://www.netbeans.org/ns/editor-bookmarks/2" lastBookmarkId="0"/>
    <open-files xmlns="http://www.netbeans.org/ns/projectui-open-files/2">
        <group>
            <file>file:/home/aluno/Documents/Projeto_Grupo3.X/funcoes.c</file>
            <file>file:/home/aluno/Documents/Projeto_Grupo3.X/main.h</file>
            <file>file:/home/aluno/Documents/Projeto_Grupo3.X/mcc_generated_files/interrupt_manager.c</file>
            <file>file:/home/aluno/Documents/Projeto_Grupo3.X/mcc_generated_files/tmr6.c</file>
            <file>file:/home/aluno/Documents/Projeto_Grupo3.X/mcc_generated_files/adc.c</file>
            <file>file:/opt/microchip/xc8/v2.46/pic/sources/c99/pic/__eeprom.c</file>
            <file>file:/opt/microchip/xc8/v2.46/pic/sources/c99/common/lwdiv.c</file>
            <file>file:/home/aluno/Documents/Projeto_Grupo3.X/main.c</file>
            <file>file:/opt/microchip/xc8/v2.46/pic/sources/c99/common/Umul8_16.c</file>
        </group>
    </open-files>
</project-private>
