<?xml version="1.0" encoding="UTF-8"?>
<project-private xmlns="http://www.netbeans.org/ns/project-private/1">
    <editor-bookmarks xmlns="http://www.netbeans.org/ns/editor-bookmarks/2" lastBookmarkId="0"/>
    <open-files xmlns="http://www.netbeans.org/ns/projectui-open-files/2">
        <group>
            <file>file:/C:/Users/Victhor/Documents/Projeto_Grupo3.X/main.c</file>
            <file>file:/C:/Users/Victhor/Documents/Projeto_Grupo3.X/main.h</file>
            <file>file:/C:/Users/Victhor/Documents/Projeto_Grupo3.X/mcc_generated_files/tmr0.c</file>
            <file>file:/C:/Users/Victhor/Documents/Projeto_Grupo3.X/funcoes.c</file>
        </group>
    </open-files>
</project-private>
